{
  "type": "minecraft:block",
  "pools": [
    {
      "rolls": 1,
      "entries": [
        {
          "type": "minecraft:item",
          "name": "minecraft:mushroom_stem"
        }
      ],
      "conditions": [
        {
          "condition": "minecraft:match_tool",
          "predicate": {
            "predicates": {
              "minecraft:enchantments": [
                {
                  "enchantments": "minecraft:silk_touch",
                  "levels": {
                    "min": 1
                  }
                }
              ]
            }
          }
        }
      ]
    },
    {
      "rolls": 1,
      "entries": [
        {
          "type": "minecraft:item",
          "name": "minecraft:knowledge_book",
          "functions": [
            {
              "function": "minecraft:set_custom_data",
              "tag": "{Tags:[timber_location]}"
            }
          ],
          "conditions": [
            {
              "condition": "minecraft:match_tool",
              "predicate": {
                "items": "#minecraft:axes"
              }
            }
          ]
        }
      ]
    }
  ]
}